1=A73EGS-P=controlled=A73EGS-P_1=1
2=acanthaluteres_brownii=insitu=acanthaluteres_brownii_1=8
3=acanthaluteres_spilomelanurus=controlled=acanthaluteres_spilomelanurus_1=12
4=acanthaluteres_vittiger=insitu=acanthaluteres_vittiger_1=15
5=acanthistius_cinctus=insitu=acanthistius_cinctus_10=24
6=acanthopagrus_australis=uncontrolled=acanthopagrus_australis_1=34
7=acanthopagrus_berda=controlled=acanthopagrus_berda_10=40
8=acanthopagrus_latus=controlled=acanthopagrus_latus_1=51
9=achoerodus_gouldii=controlled=achoerodus_gouldii_1=56
10=achoerodus_viridis=insitu=achoerodus_viridis_1=60
11=acreichthys_tomentosus=controlled=acreichthys_tomentosus_1=68
12=aesopia_cornuta=sketches=aesopia_cornuta_1=74
13=aethaloperca_rogaa=controlled=aethaloperca_rogaa_10=77
14=alectis_ciliaris=insitu=alectis_ciliaris_1=88
15=alectis_indica=controlled=alectis_indica_1=92
16=alepes_kleinii=controlled=alepes_kleinii_1=96
17=aluterus_monoceros=sketches=aluterus_monoceros_10=102
18=aluterus_scriptus=insitu=aluterus_scriptus_10=114
19=amanses_scopas=controlled=amanses_scopas_10=132
20=anampses_caeruleopunctatus=controlled=anampses_caeruleopunctatus_10=151
21=anampses_elegans=insitu=anampses_elegans_1=164
22=anampses_femininus=uncontrolled=anampses_femininus_1=172
23=anampses_geographicus=controlled=anampses_geographicus_1=176
24=anampses_lennardi=insitu=anampses_lennardi_1=185
25=anampses_melanurus=insitu=anampses_melanurus_1=192
26=anampses_meleagrides=controlled=anampses_meleagrides_10=199
27=anampses_neoguinaicus=controlled=anampses_neoguinaicus_1=213
28=anampses_twistii=controlled=anampses_twistii_10=219
29=anodontostoma_chacunda=controlled=anodontostoma_chacunda_1=229
30=anyperodon_leucogrammicus=controlled=anyperodon_leucogrammicus_10=236
31=aphareus_furca=insitu=aphareus_furca_10=251
32=aphareus_rutilans=sketches=aphareus_rutilans_10=270
33=aprion_virescens=controlled=aprion_virescens_1=284
34=argyrops_spinifer=sketches=argyrops_spinifer_10=290
35=aseraggodes_melanostictus=controlled=aseraggodes_melanostictus_1=300
36=atractoscion_aequidens=insitu=atractoscion_aequidens_1=303
37=atule_mate=controlled=atule_mate_1=308
38=auxis_rochei=sketches=auxis_rochei_1=314
39=auxis_thazard=sketches=auxis_thazard_1=320
40=bathylagichthys_greyae=rubbish=bathylagichthys_greyae_1=328
41=beryx_decadactylus=controlled=beryx_decadactylus_1=331
42=bodianus_anthioides=controlled=bodianus_anthioides_10=337
43=bodianus_axillaris=controlled=bodianus_axillaris_10=352
44=bodianus_bilunulatus=insitu=bodianus_bilunulatus_10=367
45=bodianus_bimaculatus=insitu=bodianus_bimaculatus_10=384
46=bodianus_diana=insitu=bodianus_diana_10=399
47=bodianus_loxozonus=insitu=bodianus_loxozonus_10=416
48=bodianus_mesothorax=insitu=bodianus_mesothorax_10=428
49=bodianus_perditio=insitu=bodianus_perditio_1=444
50=bodianus_unimaculatus=insitu=bodianus_unimaculatus_1=453
51=bodianus_vulpinus=controlled=bodianus_vulpinus_1=456
52=bothus_mancus=insitu=bothus_mancus_10=462
53=bothus_myriaster=controlled=bothus_myriaster_1=474
54=bothus_pantherinus=controlled=bothus_pantherinus_10=480
55=brachaluteres_jacksonianus=insitu=brachaluteres_jacksonianus_1=497
56=brachirus_orientalis=controlled=brachirus_orientalis_1=504
57=caesioperca_lepidopterus=insitu=caesioperca_lepidopterus_1=509
58=cantherhines_dumerilii=controlled=cantherhines_dumerilii_10=515
59=cantherhines_fronticinctus=insitu=cantherhines_fronticinctus_10=536
60=cantherhines_pardalis=insitu=cantherhines_pardalis_10=549
61=cantheschenia_grandisquamis=insitu=cantheschenia_grandisquamis_1=573
62=caprodon_longimanus=controlled=caprodon_longimanus_1=577
63=caprodon_schlegelii=controlled=caprodon_schlegelii_1=580
64=carangoides_caeruleopinnatus=insitu=carangoides_caeruleopinnatus_10=584
65=carangoides_chrysophrys=controlled=carangoides_chrysophrys_1=595
66=carangoides_equula=controlled=carangoides_equula_1=598
67=carangoides_ferdau=controlled=carangoides_ferdau_1=603
68=carangoides_fulvoguttatus=controlled=carangoides_fulvoguttatus_10=612
69=carangoides_hedlandensis=controlled=carangoides_hedlandensis_1=622
70=carangoides_malabaricus=controlled=carangoides_malabaricus_1=626
71=carangoides_orthogrammus=insitu=carangoides_orthogrammus_10=631
72=carangoides_plagiotaenia=controlled=carangoides_plagiotaenia_1=642
73=caranx_ignobilis=controlled=caranx_ignobilis_10=651
74=caranx_lugubris=uncontrolled=caranx_lugubris_1=662
75=caranx_melampygus=insitu=caranx_melampygus_10=670
76=caranx_sexfasciatus=controlled=caranx_sexfasciatus_10=696
77=carcharhinus_albimarginatus=sketches=carcharhinus_albimarginatus_1=710
78=carcharhinus_amblyrhynchos=controlled=carcharhinus_amblyrhynchos_10=719
79=carcharhinus_falciformis=uncontrolled=carcharhinus_falciformis_1=729
80=carcharhinus_galapagensis=controlled=carcharhinus_galapagensis_1=735
81=carcharhinus_limbatus=controlled=carcharhinus_limbatus_10=744
82=carcharhinus_melanopterus=insitu=carcharhinus_melanopterus_10=754
83=carcharhinus_obscurus=insitu=carcharhinus_obscurus_1=765
84=carcharhinus_plumbeus=insitu=carcharhinus_plumbeus_1=772
85=carcharhinus_sorrah=controlled=carcharhinus_sorrah_1=780
86=centroberyx_affinis=controlled=centroberyx_affinis_1=784
87=centrogenys_vaigiensis=controlled=centrogenys_vaigiensis_1=789
88=centroscymnus_coelolepis=uncontrolled=centroscymnus_coelolepis_1=793
89=cephalopholis_argus=controlled=cephalopholis_argus_10=797
90=cephalopholis_boenak=controlled=cephalopholis_boenak_10=810
91=cephalopholis_cyanostigma=controlled=cephalopholis_cyanostigma_10=822
92=cephalopholis_formosa=controlled=cephalopholis_formosa_1=836
93=cephalopholis_igarashiensis=sketches=cephalopholis_igarashiensis_1=844
94=cephalopholis_leopardus=controlled=cephalopholis_leopardus_10=849
95=cephalopholis_microprion=controlled=cephalopholis_microprion_1=863
96=cephalopholis_miniata=insitu=cephalopholis_miniata_10=872
97=cephalopholis_sexmaculata=controlled=cephalopholis_sexmaculata_10=886
98=cephalopholis_sonnerati=controlled=cephalopholis_sonnerati_10=901
99=cephalopholis_spiloparaea=controlled=cephalopholis_spiloparaea_10=919
100=chascanopsetta_lugubris=controlled=chascanopsetta_lugubris_1=930
101=cheilinus_chlorourus=controlled=cheilinus_chlorourus_10=933
102=cheilinus_fasciatus=controlled=cheilinus_fasciatus_1=954
103=cheilinus_oxycephalus=controlled=cheilinus_oxycephalus_10=960
104=cheilinus_trilobatus=controlled=cheilinus_trilobatus_10=974
105=cheilinus_undulatus=insitu=cheilinus_undulatus_1=985
106=cheilio_inermis=insitu=cheilio_inermis_10=992
107=cheilodactylus_ephippium=controlled=cheilodactylus_ephippium_1=1009
108=cheilodactylus_fuscus=insitu=cheilodactylus_fuscus_1=1013
109=cheilodactylus_spectabilis=insitu=cheilodactylus_spectabilis_1=1019
110=cheilodactylus_vestitus=controlled=cheilodactylus_vestitus_1=1024
111=chelidonichthys_kumu=insitu=chelidonichthys_kumu_1=1027
112=chirocentrus_dorab=sketches=chirocentrus_dorab_1=1030
113=chirocentrus_nudus=controlled=chirocentrus_nudus_1=1036
114=choerodon_anchorago=sketches=choerodon_anchorago_10=1041
115=choerodon_cauteroma=insitu=choerodon_cauteroma_1=1054
116=choerodon_cyanodus=controlled=choerodon_cyanodus_1=1058
117=choerodon_fasciatus=insitu=choerodon_fasciatus_10=1067
118=choerodon_graphicus=sketches=choerodon_graphicus_1=1086
119=choerodon_jordani=controlled=choerodon_jordani_1=1093
120=choerodon_rubescens=insitu=choerodon_rubescens_1=1097
121=choerodon_schoenleinii=insitu=choerodon_schoenleinii_10=1100
122=choerodon_venustus=controlled=choerodon_venustus_1=1111
123=choerodon_vitta=controlled=choerodon_vitta_1=1118
124=choerodon_zamboangae=controlled=choerodon_zamboangae_1=1121
125=chromileptes_altivelis=sketches=chromileptes_altivelis_10=1125
126=cirrhilabrus_bathyphilus=controlled=cirrhilabrus_bathyphilus_1=1137
127=cirrhilabrus_condei=controlled=cirrhilabrus_condei_1=1140
128=cirrhilabrus_cyanopleura=controlled=cirrhilabrus_cyanopleura_10=1144
129=cirrhilabrus_exquisitus=controlled=cirrhilabrus_exquisitus_10=1162
130=cirrhilabrus_laboutei=controlled=cirrhilabrus_laboutei_1=1178
131=cirrhilabrus_punctatus=insitu=cirrhilabrus_punctatus_10=1184
132=cirrhilabrus_scottorum=controlled=cirrhilabrus_scottorum_10=1205
133=cirrhilabrus_temminckii=controlled=cirrhilabrus_temminckii_1=1220
134=coris_aygula=insitu=coris_aygula_10=1224
135=coris_batuensis=insitu=coris_batuensis_10=1235
136=coris_bulbifrons=insitu=coris_bulbifrons_1=1254
137=coris_caudimacula=insitu=coris_caudimacula_10=1259
138=coris_dorsomacula=controlled=coris_dorsomacula_10=1275
139=coris_gaimard=controlled=coris_gaimard_1=1288
140=coris_picta=insitu=coris_picta_1=1295
141=coris_pictoides=controlled=coris_pictoides_1=1303
142=coris_sandeyeri=insitu=coris_sandeyeri_1=1307
143=crenimugil_crenilabis=controlled=crenimugil_crenilabis_1=1316
144=CUNWCB-Y=insitu=CUNWCB-Y_1=1325
145=cymbacephalus_nematophthalmus=controlled=cymbacephalus_nematophthalmus_1=1334
146=cymolutes_praetextatus=controlled=cymolutes_praetextatus_1=1337
147=cymolutes_torquatus=controlled=cymolutes_torquatus_1=1343
148=cynoglossus_puncticeps=controlled=cynoglossus_puncticeps_1=1346
149=cyttopsis_rosea=controlled=cyttopsis_rosea_1=1351
150=dactylophora_nigricans=insitu=dactylophora_nigricans_1=1355
151=decapterus_macrosoma=controlled=decapterus_macrosoma_1=1362
152=decapterus_russelli=controlled=decapterus_russelli_1=1365
153=diproctacanthus_xanthurus=controlled=diproctacanthus_xanthurus_1=1370
154=dotalabrus_aurantiacus=insitu=dotalabrus_aurantiacus_1=1374
155=elagatis_bipinnulata=insitu=elagatis_bipinnulata_10=1380
156=epibulus_insidiator=insitu=epibulus_insidiator_10=1396
157=epinephelus_areolatus=insitu=epinephelus_areolatus_10=1410
158=epinephelus_bleekeri=sketches=epinephelus_bleekeri_1=1425
159=epinephelus_chlorostigma=controlled=epinephelus_chlorostigma_1=1431
160=epinephelus_coeruleopunctatus=controlled=epinephelus_coeruleopunctatus_10=1440
161=epinephelus_coioides=controlled=epinephelus_coioides_10=1456
162=epinephelus_corallicola=sketches=epinephelus_corallicola_10=1469
163=epinephelus_cyanopodus=controlled=epinephelus_cyanopodus_10=1482
164=epinephelus_epistictus=controlled=epinephelus_epistictus_1=1493
165=epinephelus_fasciatus=controlled=epinephelus_fasciatus_10=1499
166=epinephelus_fuscoguttatus=insitu=epinephelus_fuscoguttatus_10=1511
167=epinephelus_hexagonatus=controlled=epinephelus_hexagonatus_10=1522
168=epinephelus_howlandi=controlled=epinephelus_howlandi_1=1532
169=epinephelus_lanceolatus=sketches=epinephelus_lanceolatus_1=1539
170=epinephelus_latifasciatus=sketches=epinephelus_latifasciatus_1=1544
171=epinephelus_macrospilos=controlled=epinephelus_macrospilos_1=1551
172=epinephelus_maculatus=controlled=epinephelus_maculatus_10=1560
173=epinephelus_melanostigma=controlled=epinephelus_melanostigma_1=1573
174=epinephelus_merra=insitu=epinephelus_merra_10=1578
175=epinephelus_morrhua=controlled=epinephelus_morrhua_1=1593
176=epinephelus_multinotatus=controlled=epinephelus_multinotatus_1=1599
177=epinephelus_ongus=controlled=epinephelus_ongus_10=1603
178=epinephelus_polyphekadion=controlled=epinephelus_polyphekadion_10=1619
179=epinephelus_quoyanus=controlled=epinephelus_quoyanus_10=1630
180=epinephelus_radiatus=sketches=epinephelus_radiatus_1=1646
181=epinephelus_retouti=sketches=epinephelus_retouti_1=1650
182=epinephelus_rivulatus=controlled=epinephelus_rivulatus_10=1654
183=epinephelus_sexfasciatus=controlled=epinephelus_sexfasciatus_1=1668
184=epinephelus_spilotoceps=controlled=epinephelus_spilotoceps_1=1672
185=epinephelus_tauvina=controlled=epinephelus_tauvina_10=1680
186=epinephelus_undulatostriatus=uncontrolled=epinephelus_undulatostriatus_1=1693
187=etelis_carbunculus=controlled=etelis_carbunculus_10=1698
188=etelis_coruscans=controlled=etelis_coruscans_1=1711
189=eubalichthys_cyanoura=insitu=eubalichthys_cyanoura_1=1716
190=eubalichthys_mosaicus=controlled=eubalichthys_mosaicus_1=1719
191=eupetrichthys_angustipes=controlled=eupetrichthys_angustipes_1=1727
192=euthynnus_affinis=controlled=euthynnus_affinis_1=1731
193=evistias_acutirostris=controlled=evistias_acutirostris_1=1739
194=gempylus_serpens=controlled=gempylus_serpens_1=1744
195=gnathanodon_speciosus=insitu=gnathanodon_speciosus_10=1748
196=gnathodentex_aureolineatus=controlled=gnathodentex_aureolineatus_10=1763
197=gracila_albomarginata=controlled=gracila_albomarginata_10=1774
198=gymnocranius_audleyi=sketches=gymnocranius_audleyi_1=1789
199=gymnocranius_euanus=controlled=gymnocranius_euanus_1=1795
200=gymnocranius_grandoculis=insitu=gymnocranius_grandoculis_1=1798
201=gymnocranius_microdon=controlled=gymnocranius_microdon_1=1805
202=gymnosarda_unicolor=insitu=gymnosarda_unicolor_1=1808
203=halichoeres_argus=controlled=halichoeres_argus_10=1814
204=halichoeres_biocellatus=controlled=halichoeres_biocellatus_10=1826
205=halichoeres_chloropterus=insitu=halichoeres_chloropterus_10=1837
206=halichoeres_chrysus=insitu=halichoeres_chrysus_1=1849
207=halichoeres_hartzfeldii=controlled=halichoeres_hartzfeldii_10=1857
208=halichoeres_hortulanus=controlled=halichoeres_hortulanus_10=1869
209=halichoeres_leucurus=controlled=halichoeres_leucurus_1=1888
210=halichoeres_margaritaceus=controlled=halichoeres_margaritaceus_10=1892
211=halichoeres_marginatus=insitu=halichoeres_marginatus_10=1903
212=halichoeres_melanochir=controlled=halichoeres_melanochir_10=1920
213=halichoeres_melanurus=insitu=halichoeres_melanurus_10=1934
214=halichoeres_melasmapomus=insitu=halichoeres_melasmapomus_1=1957
215=halichoeres_miniatus=controlled=halichoeres_miniatus_1=1964
216=halichoeres_nebulosus=insitu=halichoeres_nebulosus_1=1969
217=halichoeres_nigrescens=controlled=halichoeres_nigrescens_10=1977
218=halichoeres_scapularis=sketches=halichoeres_scapularis_10=1996
219=halichoeres_trimaculatus=insitu=halichoeres_trimaculatus_10=2014
220=harriotta_raleighana=controlled=harriotta_raleighana_1=2027
221=hemigymnus_fasciatus=uncontrolled=hemigymnus_fasciatus_10=2031
222=hemigymnus_melapterus=sketches=hemigymnus_melapterus_10=2052
223=hemiramphus_far=controlled=hemiramphus_far_1=2062
224=herklotsichthys_quadrimaculatus=controlled=herklotsichthys_quadrimaculatus_1=2067
225=hologymnosus_annulatus=insitu=hologymnosus_annulatus_10=2073
226=hologymnosus_doliatus=insitu=hologymnosus_doliatus_10=2089
227=hyporhamphus_affinis=controlled=hyporhamphus_affinis_1=2100
228=hyporhamphus_dussumieri=controlled=hyporhamphus_dussumieri_1=2103
229=inegocia_japonica=sketches=inegocia_japonica_1=2110
230=Istiophorus_platypterus=controlled=Istiophorus_platypterus_1=2114
231=johnius_borneensis=controlled=johnius_borneensis_1=2120
232=katsuwonus_pelamis=controlled=katsuwonus_pelamis_1=2126
233=labrichthys_unilineatus=insitu=labrichthys_unilineatus_10=2134
234=labroides_bicolor=controlled=labroides_bicolor_1=2144
235=labroides_dimidiatus=controlled=labroides_dimidiatus_10=2153
236=labroides_pectoralis=controlled=labroides_pectoralis_1=2171
237=labropsis_australis=controlled=labropsis_australis_1=2175
238=labropsis_manabei=controlled=labropsis_manabei_1=2184
239=labropsis_xanthonota=controlled=labropsis_xanthonota_1=2192
240=latridopsis_forsteri=sketches=latridopsis_forsteri_1=2195
241=lepidocybium_flavobrunneum=uncontrolled=lepidocybium_flavobrunneum_1=2199
242=leptojulis_cyanopleura=controlled=leptojulis_cyanopleura_10=2203
243=lethrinus_amboinensis=controlled=lethrinus_amboinensis_1=2223
244=lethrinus_atkinsoni=controlled=lethrinus_atkinsoni_1=2231
245=lethrinus_erythracanthus=insitu=lethrinus_erythracanthus_1=2239
246=lethrinus_genivittatus=uncontrolled=lethrinus_genivittatus_1=2247
247=lethrinus_harak=controlled=lethrinus_harak_10=2251
248=lethrinus_lentjan=controlled=lethrinus_lentjan_10=2263
249=lethrinus_microdon=insitu=lethrinus_microdon_10=2273
250=lethrinus_miniatus=sketches=lethrinus_miniatus_10=2288
251=lethrinus_nebulosus=insitu=lethrinus_nebulosus_10=2301
252=lethrinus_obsoletus=controlled=lethrinus_obsoletus_10=2324
253=lethrinus_olivaceus=insitu=lethrinus_olivaceus_10=2339
254=lethrinus_ornatus=controlled=lethrinus_ornatus_1=2349
255=lethrinus_rubrioperculatus=controlled=lethrinus_rubrioperculatus_10=2354
256=lethrinus_semicinctus=controlled=lethrinus_semicinctus_1=2367
257=lethrinus_variegatus=sketches=lethrinus_variegatus_1=2371
258=lethrinus_xanthochilus=controlled=lethrinus_xanthochilus_1=2376
259=liopropoma_mitratum=controlled=liopropoma_mitratum_1=2383
260=liopropoma_susumi=controlled=liopropoma_susumi_10=2390
261=liza_subviridis=controlled=liza_subviridis_1=2399
262=liza_vaigiensis=controlled=liza_vaigiensis_1=2408
263=lniistius_aneitensis=controlled=lniistius_aneitensis_10=2414
264=lniistius_pavo=controlled=lniistius_pavo_1=2428
265=lutjanus_adetii=controlled=lutjanus_adetii_1=2437
266=lutjanus_argentimaculatus=uncontrolled=lutjanus_argentimaculatus_10=2443
267=lutjanus_biguttatus=insitu=lutjanus_biguttatus_10=2458
268=lutjanus_bohar=insitu=lutjanus_bohar_10=2469
269=lutjanus_carponotatus=controlled=lutjanus_carponotatus_10=2491
270=lutjanus_decussatus=insitu=lutjanus_decussatus_10=2506
271=lutjanus_ehrenbergii=controlled=lutjanus_ehrenbergii_1=2516
272=lutjanus_erythropterus=insitu=lutjanus_erythropterus_1=2525
273=lutjanus_fulviflamma=controlled=lutjanus_fulviflamma_10=2533
274=lutjanus_fulvus=controlled=lutjanus_fulvus_10=2555
275=lutjanus_gibbus=insitu=lutjanus_gibbus_10=2574
276=lutjanus_johnii=controlled=lutjanus_johnii_1=2591
277=lutjanus_kasmira=insitu=lutjanus_kasmira_10=2600
278=lutjanus_lemniscatus=sketches=lutjanus_lemniscatus_1=2616
279=lutjanus_lutjanus=controlled=lutjanus_lutjanus_10=2624
280=lutjanus_malabaricus=sketches=lutjanus_malabaricus_10=2638
281=lutjanus_monostigma=insitu=lutjanus_monostigma_10=2650
282=lutjanus_quinquelineatus=insitu=lutjanus_quinquelineatus_10=2667
283=lutjanus_rivulatus=controlled=lutjanus_rivulatus_10=2680
284=lutjanus_russellii=controlled=lutjanus_russellii_10=2696
285=lutjanus_sebae=insitu=lutjanus_sebae_10=2713
286=lutjanus_semicinctus=controlled=lutjanus_semicinctus_1=2734
287=lutjanus_semicinctus_quoy=sketches=lutjanus_semicinctus_quoy_1=2739
288=lutjanus_timoriensis=controlled=lutjanus_timoriensis_1=2744
289=lutjanus_vitta=controlled=lutjanus_vitta_1=2748
290=macolor_macularis=insitu=macolor_macularis_10=2756
291=macolor_niger=insitu=macolor_niger_10=2766
292=macropharyngodon_choati=controlled=macropharyngodon_choati_1=2780
293=macropharyngodon_kuiteri=controlled=macropharyngodon_kuiteri_10=2783
294=macropharyngodon_meleagris=insitu=macropharyngodon_meleagris_10=2796
295=macropharyngodon_negrosensis=controlled=macropharyngodon_negrosensis_1=2808
296=macropharyngodon_ornatus=controlled=macropharyngodon_ornatus_1=2814
297=megalaspis_cordyla=controlled=megalaspis_cordyla_1=2821
298=meuschenia_australis=insitu=meuschenia_australis_1=2827
299=meuschenia_freycineti=insitu=meuschenia_freycineti_10=2830
300=meuschenia_galii=insitu=meuschenia_galii_1=2842
301=meuschenia_hippocrepis=insitu=meuschenia_hippocrepis_1=2848
302=meuschenia_scaber=insitu=meuschenia_scaber_1=2852
303=meuschenia_trachylepis=controlled=meuschenia_trachylepis_1=2857
304=monacanthus_chinensis=controlled=monacanthus_chinensis_10=2860
305=monotaxis_grandoculis=insitu=monotaxis_grandoculis_10=2871
306=mugim_cephalus=controlled=mugim_cephalus_1=2893
307=naucrates_ductor=controlled=naucrates_ductor_1=2902
308=negaprion_acutidens=uncontrolled=negaprion_acutidens_1=2908
309=nemadactylus_douglasii=insitu=nemadactylus_douglasii_1=2911
310=nemipterus_furcosus=controlled=nemipterus_furcosus_10=2915
311=nemipterus_hexodon=controlled=nemipterus_hexodon_1=2925
312=nemipterus_peronii=controlled=nemipterus_peronii_1=2933
313=netuma_thalassina=sketches=netuma_thalassina_1=2938
314=nibea_soldado=controlled=nibea_soldado_1=2941
315=notolabrus_fucicola=insitu=notolabrus_fucicola_1=2945
316=notolabrus_gymnogenis=controlled=notolabrus_gymnogenis_1=2951
317=notolabrus_tetricus=insitu=notolabrus_tetricus_1=2954
318=notorynchus_cepedianus=controlled=notorynchus_cepedianus_1=2962
319=novaculichthys_taeniourus=controlled=novaculichthys_taeniourus_10=2968
320=novaculoides_macrolepidotus=controlled=novaculoides_macrolepidotus_10=2980
321=oedalechilus_labiosus=controlled=oedalechilus_labiosus_1=2990
322=ophthalmolepis_lineolatus=controlled=ophthalmolepis_lineolatus_10=2995
323=otolithes_ruber=sketches=otolithes_ruber_1=3005
324=oxycheilinus_bimaculatus=insitu=oxycheilinus_bimaculatus_10=3013
325=oxycheilinus_celebicus=controlled=oxycheilinus_celebicus_10=3030
326=oxycheilinus_digrammus=insitu=oxycheilinus_digrammus_1=3041
327=oxycheilinus_unifasciatus=controlled=oxycheilinus_unifasciatus_1=3046
328=oxymonacanthus_longirostris=insitu=oxymonacanthus_longirostris_10=3054
329=P1ROZC-Z=insitu=P1ROZC-Z_10=3080
330=pagrus_auratus=insitu=pagrus_auratus_1=3097
331=paracaesio_kusakarii=controlled=paracaesio_kusakarii_1=3104
332=paracheilinus_filamentosus=insitu=paracheilinus_filamentosus_1=3107
333=paraluteres_prionurus=insitu=paraluteres_prionurus_10=3114
334=paramonacanthus_choirocephalus=sketches=paramonacanthus_choirocephalus_1=3133
335=paraplagusia_bilineata=controlled=paraplagusia_bilineata_1=3138
336=parastromateus_niger=controlled=parastromateus_niger_1=3143
337=pardachirus_hedleyi=controlled=pardachirus_hedleyi_1=3147
338=pardachirus_pavoninus=controlled=pardachirus_pavoninus_1=3151
339=pentapodus_aureofasciatus=controlled=pentapodus_aureofasciatus_1=3155
340=pentapodus_paradiseus=controlled=pentapodus_paradiseus_1=3159
341=pentapodus_vitta_quoy=insitu=pentapodus_vitta_quoy_1=3163
342=pervagor_alternans=controlled=pervagor_alternans_1=3169
343=pervagor_aspricaudus=controlled=pervagor_aspricaudus_10=3172
344=pervagor_janthinosoma=controlled=pervagor_janthinosoma_10=3182
345=pervagor_melanocephalus=controlled=pervagor_melanocephalus_10=3196
346=pervagor_nigrolineatus=controlled=pervagor_nigrolineatus_1=3207
347=pinjalo_lewisi=controlled=pinjalo_lewisi_1=3214
348=platycephalus_indicus=sketches=platycephalus_indicus_1=3219
349=plectranthias_longimanus=controlled=plectranthias_longimanus_10=3227
350=plectranthias_nanus=controlled=plectranthias_nanus_10=3240
351=plectranthias_winniensis=controlled=plectranthias_winniensis_1=3250
352=plectropomus_areolatus=controlled=plectropomus_areolatus_1=3259
353=plectropomus_laevis=sketches=plectropomus_laevis_10=3267
354=plectropomus_leopardus=sketches=plectropomus_leopardus_10=3282
355=plectropomus_maculatus=insitu=plectropomus_maculatus_1=3295
356=plectropomus_oligacanthus=insitu=plectropomus_oligacanthus_1=3302
357=plotosus_lineatus=controlled=plotosus_lineatus_10=3309
358=PQV7DP-S=controlled=PQV7DP-S_1=3319
359=pristipomoides_argyrogrammicus=controlled=pristipomoides_argyrogrammicus_1=3326
360=pristipomoides_auricilla=sketches=pristipomoides_auricilla_1=3330
361=pristipomoides_filamentosus=controlled=pristipomoides_filamentosus_10=3339
362=pristipomoides_flavipinnis=controlled=pristipomoides_flavipinnis_1=3349
363=pristipomoides_sieboldii=controlled=pristipomoides_sieboldii_1=3352
364=pristipomoides_zonatus=controlled=pristipomoides_zonatus_1=3359
365=promethichthys_prometheus=controlled=promethichthys_prometheus_1=3363
366=protonibea_diacanthus=sketches=protonibea_diacanthus_1=3370
367=psettodes_erumei=controlled=psettodes_erumei_1=3374
368=pseudalutarius_nasicornis=controlled=pseudalutarius_nasicornis_10=3378
369=pseudanthias_bicolor=controlled=pseudanthias_bicolor_10=3390
370=pseudanthias_cooperi=insitu=pseudanthias_cooperi_10=3402
371=pseudanthias_dispar=controlled=pseudanthias_dispar_10=3415
372=pseudanthias_fasciatus=controlled=pseudanthias_fasciatus_1=3429
373=pseudanthias_huchtii=controlled=pseudanthias_huchtii_1=3435
374=pseudanthias_hypselosoma=controlled=pseudanthias_hypselosoma_10=3438
375=pseudanthias_lori=controlled=pseudanthias_lori_1=3455
376=pseudanthias_luzonensis=controlled=pseudanthias_luzonensis_1=3463
377=pseudanthias_pictilis=controlled=pseudanthias_pictilis_10=3469
378=pseudanthias_pleurotaenia=insitu=pseudanthias_pleurotaenia_10=3480
379=pseudanthias_rubrizonatus=controlled=pseudanthias_rubrizonatus_10=3491
380=pseudanthias_sheni=controlled=pseudanthias_sheni_10=3501
381=pseudanthias_smithvanizi=insitu=pseudanthias_smithvanizi_1=3515
382=pseudanthias_squamipinnis=insitu=pseudanthias_squamipinnis_10=3523
383=pseudanthias_tuka=insitu=pseudanthias_tuka_10=3546
384=pseudanthias_ventralis=controlled=pseudanthias_ventralis_10=3560
385=pseudocaranx_dentex=insitu=pseudocaranx_dentex_10=3577
386=pseudocarcharias_kamoharai=controlled=pseudocarcharias_kamoharai_1=3588
387=pseudocheilinus_evanidus=controlled=pseudocheilinus_evanidus_10=3592
388=pseudocheilinus_hexataenia=insitu=pseudocheilinus_hexataenia_10=3603
389=pseudocheilinus_ocellatus=controlled=pseudocheilinus_ocellatus_1=3619
390=pseudocheilinus_octotaenia=controlled=pseudocheilinus_octotaenia_10=3625
391=pseudodax_moluccanus=insitu=pseudodax_moluccanus_10=3638
392=pseudojuloides_cerasinus=controlled=pseudojuloides_cerasinus_1=3655
393=pseudolabrus_biserialis=insitu=pseudolabrus_biserialis_1=3662
394=pseudolabrus_guentheri=insitu=pseudolabrus_guentheri_10=3665
395=pseudolabrus_luculentus=insitu=pseudolabrus_luculentus_10=3675
396=pseudorhombus_argus=controlled=pseudorhombus_argus_1=3687
397=pseudorhombus_arsius=controlled=pseudorhombus_arsius_1=3693
398=pseudorhombus_elevatus=controlled=pseudorhombus_elevatus_1=3700
399=pteragogus_cryptus=controlled=pteragogus_cryptus_10=3703
400=pteragogus_enneacanthus=controlled=pteragogus_enneacanthus_1=3713
401=pteragogus_flagellifer=controlled=pteragogus_flagellifer_1=3721
402=rastrelliger_kanagurta=sketches=rastrelliger_kanagurta_1=3726
403=retropinna_semoni=insitu=retropinna_semoni_1=3734
404=rhabdosargus_sarba=insitu=rhabdosargus_sarba_1=3739
405=rhincodon_typus=sketches=rhincodon_typus_1=3747
406=rhizoprionodon_acutus=uncontrolled=rhizoprionodon_acutus_1=3751
407=ruvettus_pretiosus=uncontrolled=ruvettus_pretiosus_1=3757
408=samaris_cristatus=controlled=samaris_cristatus_1=3764
409=samariscus_triocellatus=controlled=samariscus_triocellatus_1=3767
410=sarda_orientalis=uncontrolled=sarda_orientalis_1=3770
411=sardinella_albella=controlled=sardinella_albella_1=3777
412=sardinella_gibbosa=controlled=sardinella_gibbosa_1=3780
413=sardinops_sagax=sketches=sardinops_sagax_1=3784
414=scaevius_milii=controlled=scaevius_milii_1=3793
415=scolopsis_affinis=controlled=scolopsis_affinis_10=3802
416=scolopsis_bilineata=insitu=scolopsis_bilineata_10=3815
417=scolopsis_lineata=controlled=scolopsis_lineata_1=3830
418=scolopsis_margaritifer=insitu=scolopsis_margaritifer_1=3835
419=scolopsis_monogramma=controlled=scolopsis_monogramma_10=3839
420=scolopsis_trilineata=controlled=scolopsis_trilineata_1=3852
421=scolopsis_vosmeri=controlled=scolopsis_vosmeri_10=3857
422=scolopsis_xenochrous=controlled=scolopsis_xenochrous_1=3868
423=scomberoides_commersonnianus=uncontrolled=scomberoides_commersonnianus_1=3873
424=scomberoides_lysan=controlled=scomberoides_lysan_1=3880
425=scomberomorus_commerson=uncontrolled=scomberomorus_commerson_10=3888
426=selar_crumenophthalmus=controlled=selar_crumenophthalmus_1=3898
427=selaroides_leptolepis=sketches=selaroides_leptolepis_1=3907
428=seriola_dumerili=insitu=seriola_dumerili_1=3912
429=seriola_hippos=insitu=seriola_hippos_1=3919
430=seriola_rivoliana=sketches=seriola_rivoliana_10=3923
431=seriolina_nigrofasciata=insitu=seriolina_nigrofasciata_1=3934
432=serranocirrhitus_latus=controlled=serranocirrhitus_latus_1=3941
433=sillago_ciliata=insitu=sillago_ciliata_1=3949
434=sillago_sihama=sketches=sillago_sihama_10=3953
435=soleichthys_heterorhinos=controlled=soleichthys_heterorhinos_1=3965
436=sphyraena_barracuda=controlled=sphyraena_barracuda_1=3969
437=sphyraena_forsteri=controlled=sphyraena_forsteri_10=3978
438=sphyraena_jello=controlled=sphyraena_jello_1=3988
439=sphyraena_obtusata=insitu=sphyraena_obtusata_10=3997
440=stegostoma_fasciatum=insitu=stegostoma_fasciatum_1=4008
441=stethojulis_bandanensis=controlled=stethojulis_bandanensis_10=4014
442=stethojulis_interrupta=controlled=stethojulis_interrupta_10=4033
443=stethojulis_strigiventer=controlled=stethojulis_strigiventer_10=4055
444=stethojulis_trilineata=controlled=stethojulis_trilineata_10=4068
445=stolephorus_waitei=sketches=stolephorus_waitei_2=4078
446=suezichthys_arquatus=insitu=suezichthys_arquatus_1=4081
447=suezichthys_cyanolaemus=insitu=suezichthys_cyanolaemus_1=4087
448=suezichthys_gracilis=controlled=suezichthys_gracilis_10=4091
449=symphorichthys_spilurus=insitu=symphorichthys_spilurus_1=4101
450=symphorus_nematophorus=insitu=symphorus_nematophorus_1=4108
451=thalassoma_amblycephalum=controlled=thalassoma_amblycephalum_10=4112
452=thalassoma_hardwicke=insitu=thalassoma_hardwicke_10=4130
453=thalassoma_jansenii=insitu=thalassoma_jansenii_10=4143
454=thalassoma_lunare=insitu=thalassoma_lunare_10=4154
455=thalassoma_lutescens=controlled=thalassoma_lutescens_10=4176
456=thalassoma_nigrofasciatum=insitu=thalassoma_nigrofasciatum_1=4197
457=thalassoma_purpureum=insitu=thalassoma_purpureum_10=4204
458=thalassoma_quinquevittatum=insitu=thalassoma_quinquevittatum_10=4221
459=thalassoma_trilobatum=controlled=thalassoma_trilobatum_10=4231
460=thryssa_baelama=controlled=thryssa_baelama_1=4242
461=thryssa_hamiltonii=controlled=thryssa_hamiltonii_1=4249
462=thunnus_alalunga=uncontrolled=thunnus_alalunga_1=4254
463=thunnus_albacares=sketches=thunnus_albacares_1=4258
464=thysanophrys_celebica=controlled=thysanophrys_celebica_1=4264
465=thysanophrys_chiltonae=controlled=thysanophrys_chiltonae_1=4268
466=trachichthys_australis=sketches=trachichthys_australis_1=4273
467=trachinotus_baillonii=controlled=trachinotus_baillonii_1=4279
468=trachinotus_blochii=controlled=trachinotus_blochii_10=4288
469=trachinotus_botla=sketches=trachinotus_botla_1=4300
470=trachypoma_macracanthus=insitu=trachypoma_macracanthus_1=4304
471=triaenodon_obesus=insitu=triaenodon_obesus_1=4310
472=uraspis_secunda=sketches=uraspis_secunda_1=4319
473=valamugil_cunnesius=sketches=valamugil_cunnesius_1=4323
474=valamugil_engeli=controlled=valamugil_engeli_1=4327
475=valamugil_seheli=controlled=valamugil_seheli_1=4332
476=variola_albimarginata=insitu=variola_albimarginata_10=4336
477=variola_louti=insitu=variola_louti_10=4354
478=wattsia_mossambica=controlled=wattsia_mossambica_1=4370
479=wetmorella_albofasciata=controlled=wetmorella_albofasciata_1=4375
481=xiphocheilus_typus=controlled=xiphocheilus_typus_1=4392
482=zenarchopterus_dispar=sketches=zenarchopterus_dispar_1=4401
483=zeus_faber=uncontrolled=zeus_faber_1=4404
